,IMMUCELL_Bn,IMMUCELL_Breg,IMMUCELL_CD4Tcm,IMMUCELL_CD4Tem,IMMUCELL_CD4Temra,IMMUCELL_CD4Tn,IMMUCELL_CD4Trm,IMMUCELL_CD8Tcm,IMMUCELL_CD8Tem,IMMUCELL_CD8Temra,IMMUCELL_CD8Tn,IMMUCELL_CD8Trm,IMMUCELL_cMo,IMMUCELL_FOB,IMMUCELL_GCB,IMMUCELL_ILC1,IMMUCELL_ILC2,IMMUCELL_ILC3,IMMUCELL_intMo,IMMUCELL_Langerhans,IMMUCELL_M0,IMMUCELL_M1,IMMUCELL_M2,IMMUCELL_MAIT,IMMUCELL_MDSC,IMMUCELL_MZB,IMMUCELL_NKT,IMMUCELL_ncMo,IMMUCELL_TAM,IMMUCELL_Tc,IMMUCELL_Tfh,IMMUCELL_Th1,IMMUCELL_Th1_17,IMMUCELL_Th17,IMMUCELL_Th2,IMMUCELL_Tr1,IMMUCELL_Treg,IMMUCELL_Basophil,IMMUCELL_cDC1,IMMUCELL_cDC2,IMMUCELL_cNK,IMMUCELL_Eosinophil,IMMUCELL_Bex,IMMUCELL_Tex,IMMUCELL_γδT,IMMUCELL_mastcell,IMMUCELL_MBC,IMMUCELL_monoDC,IMMUCELL_Neutrophil,IMMUCELL_pDC,IMMUCELL_PC,IMMUCELL_PB,IMMUCELL_NKreg,TIDE_TIDE,TIDE_IFNG,TIDE_MSI Score,TIDE_CD274,TIDE_CD8,TIDE_Dysfunction,TIDE_Exclusion,TIDE_MDSC,TIDE_CAF,TIDE_TAM M2,TIDE_CTL,IMMUNESUBTYPE_C1_Wound_Healing,IMMUNESUBTYPE_C2_IFN_gamma_Dominant,IMMUNESUBTYPE_C3_Inflammatory,IMMUNESUBTYPE_C4_Lymphocyte_Depleted,IMMUNESUBTYPE_C5_Immunologically_Quiet,IMMUNESUBTYPE_C6_TGF_beta_Dominant,IMPRES_Score,IMPRES_PDCD1_minus_TNFSF4,IMPRES_CD27_minus_PDCD1,IMPRES_CTLA4_minus_TNFSF4,IMPRES_CD40_minus_CD28,IMPRES_CD86_minus_TNFSF4,IMPRES_CD28_minus_CD86,IMPRES_CD80_minus_TNFSF9,IMPRES_CD274_minus_VSIR,IMPRES_CD86_minus_HAVCR2,IMPRES_CD40_minus_PDCD1,IMPRES_CD86_minus_CD200,IMPRES_CD40_minus_CD80,IMPRES_CD28_minus_CD276,IMPRES_CD40_minus_CD274,IMPRES_TNFRSF14_minus_CD86,IMPRES_Continuous_Sum
PD1_1,8.341616230238532e-05,3.51696811205609e-05,1.688064227174376e-05,1.491292317024053e-05,1.9074505745230563e-05,4.1983054604349126e-05,1.9421443528485043e-05,0.6082422514655058,2.379194165640251e-05,2.034189033950292e-05,3.3266744410539446e-05,1.7322425104112042e-05,1.596832694604257e-05,1.3586381230710374e-05,2.6733339764943166e-05,1.760584432412964e-05,1.4793719764150666e-05,2.1085426896982478e-05,1.957099238038985e-05,2.2716790956912265e-05,8.20041728659655e-05,7.807003110642743e-05,6.150969358823122e-05,1.4878059088830023e-05,0.01435433067713566,0.00046898689089716264,1.888794999497223e-05,2.021649568685085e-05,0.014687191496131971,5.1357797597683114e-05,2.5639276829720012e-05,7.876131326432648e-05,2.8924961878289403e-05,5.246520922436393e-05,4.141352724005169e-05,0.13067723580915164,3.21326908468571e-05,7.488866988751936e-05,2.946456249790095e-05,1.4539791888640867e-05,0.00027936356863333056,2.969101925091933e-05,0.0006375544114980889,1.9825114801967158e-05,4.250357907243068e-05,0.10240905440240211,8.990219012553613e-05,0.12377047896231322,1.6292674142695646e-05,3.890135740637983e-05,2.035020685185093e-05,0.0030178126376863876,1.5477096987801214e-05,0.08061763217996382,1.9457629945928625,0.855305635420596,2.1214926223546056,2.1399148125893026,0.08061763217996382,-2.424005935161289,-0.1389257522586771,-0.15730942944877183,-0.06984729030825322,1.7048815093250684,1.83076591042663e-06,0.205877520143986,0.0423600859940052,0.178216643631458,0.0004119506920687,0.0003679578367155,6,-0.10615296633212,-4.62814011755689,-1.22906923015771,-2.38670789267756,1.28127449616979,1.94255439798689,16.9690467434468,30.0762995949426,-27.8995994822957,0.943273967811233,-10.1750864873072,-5.77178413420612,-58.1182191716676,-33.4411737436836,699.078025777437,606.534541751909
PD1_4,5.5010042369243954e-05,3.19405695627425e-05,2.2116415385561878e-05,1.7939208289859646e-05,2.270470390785409e-05,7.838740714231298e-05,1.9545720460358717e-05,0.5776179694959244,2.814762582743246e-05,2.307588553853665e-05,3.6914032783289964e-05,2.451108611632116e-05,1.6899241364485732e-05,1.5051610249649496e-05,3.2120187410448445e-05,3.0884840994553e-05,1.913444448121139e-05,2.7933218721165242e-05,2.0482713868498492e-05,3.8893786689452596e-05,6.835055088128537e-05,4.8592253779865807e-05,4.999518466848195e-05,1.7733086251764033e-05,0.0002240029901610591,8.783209132011515e-05,3.2259408645027055e-05,2.484340528996839e-05,0.09501699339763324,0.0006793372222098574,4.015394379197513e-05,0.0003998976280421658,3.866923876352566e-05,0.0001292249529262136,8.362376591351628e-05,0.03646872922444182,3.9808774768123486e-05,9.116774827630488e-05,4.45233538176592e-05,1.8348389070416026e-05,0.0004685596551029985,2.8965575901900832e-05,6.844344363162606e-05,2.723360687563053e-05,0.0001137135009403783,0.08854458312938583,8.854437286378053e-05,0.17852480129132545,1.7943598173599724e-05,9.094617508449556e-05,2.410210769396342e-05,0.02019662689095553,2.17878043252267e-05,0.08692026525818493,1.6349725592529964,0.7517777223441575,1.3024637060777757,2.2450744327278094,0.08692026525818493,-2.214009884218308,-0.13315100612234407,-0.1176953134998775,-0.08847664359173958,1.5841841964376904,7.06479795553605e-06,0.0025956301251426,0.80309408903122,0.0446520186960697,0.00043139065383,0.0037344042211771,5,7.82540670982353,-5.36474848168823,7.21269010666815,-2.49533741814701,17.1247879888594,-12.9240849225666,7.35544930185425,-3.49307985594911,-16.4248116446028,-6.1200410616777,-98.0490768181678,-6.34793394527492,-54.3723518442715,-15.5544437964285,966.706121498136,785.078545816568
PD1_5,1.667433546402326e-05,1.633962830913391e-05,1.41030976900887e-05,1.159554212111662e-05,1.30466830140191e-05,3.870300790293951e-05,1.1371023138705262e-05,0.5730266377994907,1.4188377872006152e-05,1.275323383291816e-05,2.1749310874956723e-05,1.191202646085558e-05,1.1096579529930565e-05,7.689024047443958e-06,1.6552004485661063e-05,1.1378430685159448e-05,1.0126382699060538e-05,2.0730921385498886e-05,1.1303656218181001e-05,5.448888413683995e-05,0.009776720351342106,4.760006929372217e-05,2.9598864524917773e-05,1.0094961642177811e-05,0.04918580198498192,9.089331528646758e-06,1.8022038841868518e-05,1.190018357565708e-05,0.20967130873847922,0.00030652769666042413,2.116194535050068e-05,5.6013649609662395e-05,1.9769386335058874e-05,4.25361527320731e-05,3.673532297372589e-05,5.224291884005551e-05,2.188898635398573e-05,4.259216446329733e-05,2.200275508142978e-05,1.0413927224098872e-05,6.046222689415485e-05,8.173603165729478e-06,1.6908832426460226e-05,1.5043505997444538e-05,3.417778148946939e-05,0.15436681449626521,1.6894072625156903e-05,0.002663984529216859,1.2730169034829814e-05,3.119270910929169e-05,5.910618374573703e-06,6.5658091758488725e-06,1.6680267030749044e-05,2.6958479002472093,-2.0908517003103824,0.058332449078103886,-1.5033977758607149,-2.109754571294229,0.31087298421974213,2.6958479002472093,0.18014720767887923,0.18484659640883241,0.038979148049721316,-1.7417077462865902,0.297820545732975,0.0001065253454726,0.0245395796373487,0.987530082464218,0.0002228532175649,0.000903125735931,9,-3.64841159415601,0.904761969928691,5.81094209763415,-2.45964258609278,1.29379670641673,1.85105193241363,0.357173640768332,-21.0168134971088,-4.36638569506932,4.33361764689359,-27.0100477849614,2.50145751794854,-300.667115713068,1.71510155970826,59.8171169884863,-280.583396810259
PD1_6,0.0001349752695232078,5.043934312704668e-05,2.0959517844183957e-05,1.584924550997799e-05,2.0763627383824845e-05,0.00010599970225915777,1.6978352860147133e-05,0.6143040095417225,2.1819205548341527e-05,1.7310827870673932e-05,3.414876062854389e-05,2.092795636630375e-05,1.5981756115544936e-05,1.3976416755086783e-05,2.908710009373667e-05,2.6524744101618394e-05,1.7440950177429568e-05,2.586495057790399e-05,1.6827047093796717e-05,2.8845054239582456e-05,5.4131965188552035e-05,5.3410832681794886e-05,3.241857551774995e-05,2.0232141529758415e-05,0.00019265614349841772,0.0006282164664770689,3.285641943947039e-05,2.0268171075288958e-05,0.1279195051263794,0.00015161943190321835,4.011290311561043e-05,0.0005015821166598613,4.057750679289491e-05,0.00014250202426617438,7.78435536919538e-05,0.022877796036293824,3.790362721321587e-05,9.72636932425283e-05,4.739184385600258e-05,1.670163814242231e-05,0.0007726083338545097,8.14686280287311e-05,0.0027217811786822864,2.1400569519807726e-05,7.215469350864453e-05,0.038677594233866776,0.00039325181073957476,0.16307948414413903,2.3090682468806373e-05,0.00027178295457504643,2.5540913381158745e-05,0.02591693126409531,1.9191006376140738e-05,1.0906053619206046,1.8108725188804748,0.6423972597121909,1.564886641062731,0.6992470786335588,1.0906053619206046,-2.0326769897697297,-0.20430660097287728,-0.034260719103833936,-0.0667532471572533,0.6488672706179074,1.47985915646132e-05,0.0523033104836941,0.957662403583527,0.0245593646541238,0.0003530711110215,0.0056915080640465,9,-0.47920716572661,3.57387702713191,1.92855412664658,-20.6056621994769,31.2308316989889,2.70942449091236,13.9477489054175,-9.76844970533529,-2.9666498231525,13.8138011561509,26.5352044159561,4.18165121706534,-22.7022699205462,-9.90230097096688,141.599763546196,173.096316799261
PD1_7,3.591245413761237e-05,1.9739431578976423e-05,1.4104708310202147e-05,1.3345703481562745e-05,1.729210911599131e-05,6.128958412297173e-05,1.340836842988761e-05,0.49505896684490197,2.0464777781605678e-05,1.2795153074844625e-05,3.216371416968232e-05,1.6410320364043996e-05,1.264641182841345e-05,1.0565228135650365e-05,1.789265871242936e-05,1.370324613057861e-05,1.3109678783345393e-05,1.4669899639302803e-05,1.2991522747814802e-05,1.7785220834607433e-05,3.4507376622732316e-05,4.08519857539352e-05,2.7134657350431844e-05,1.1513324557799725e-05,0.00366134081965537,5.2844421471506924e-05,1.3726549680616217e-05,1.3479899486188194e-05,0.020892625062268723,4.7164089255184384e-05,2.833344095238317e-05,0.00013663798684057332,2.2556985248888407e-05,6.283071114918237e-05,4.431764301211186e-05,0.11036533343836448,4.094140737655016e-05,6.139257661219218e-05,2.1311793076831474e-05,1.1720291161870633e-05,0.032073339762840686,4.5021634542500726e-05,5.894099552858925e-05,1.769691537951647e-05,3.5707340869903744e-05,0.1577169910609421,7.107027426608525e-05,0.14356791357770055,1.5495266150281108e-05,3.872022890434874e-05,2.3736170586497e-05,0.035302086677224384,1.3458598885361003e-05,0.43784299026606077,1.8295927713625506,0.8636937016105268,1.6246355590738486,1.5495871495458053,0.43784299026606077,-1.9201004293348118,-0.09681184730954435,-0.13964655101415674,-0.05764381816839771,1.3027363200102287,1.84334840014344e-05,0.82968944311142,0.172756962478161,0.0231876950711012,0.0001734183206281,0.0141511266119778,8,-2.68651472428598,1.88560282250103,7.26804376882349,-9.4716117864835,3.11956393308276,9.5471551542432,5.98605360033615,-7.1437721303147,-18.1151706619503,5.88162202512843,-63.7046371817622,3.79711310729106,-111.895889615268,-17.9693397786283,185.128431182137,-8.37335028514946
PD1_8,8.569215163283168e-05,4.759990973574144e-05,2.109641011987689e-05,1.5804910563634265e-05,2.0405244948185703e-05,7.865172607882145e-05,1.795513900970935e-05,0.4652053611497552,2.3369935039647614e-05,2.0640672466614662e-05,3.425918875697772e-05,1.6602638278496854e-05,2.2888752051482746e-05,1.5445153013999128e-05,3.078887223642501e-05,1.9602651766156897e-05,1.7804824042597065e-05,2.7472606436674383e-05,2.859606687043827e-05,7.046914031315697e-05,7.719838621429292e-05,5.2147731065558e-05,7.800430553625505e-05,1.812109041675926e-05,0.04727769709866349,0.0011973912055429135,2.494876326103598e-05,2.6531969467156554e-05,0.24493104774722282,0.0017378482049754077,3.3939827405460927e-05,0.0004120389170401901,4.226134685393607e-05,8.884722028325553e-05,6.455868614024475e-05,0.03828628301337616,4.5642614544926565e-05,8.04188761854829e-05,9.249464889520948e-05,2.10271555231779e-05,0.09255999576637489,0.00013266655237878874,0.0011343484346312941,2.418967674417009e-05,5.297604364367627e-05,0.020702942210371333,0.00011196653741531446,0.08362075139074175,2.680160107352444e-05,9.506255581729526e-05,1.3437484136667146e-05,0.0010985292526353306,1.737654230525823e-05,3.1080360646910608,2.9723116446541242,0.37822243495687263,2.077220339933534,4.160404068423508,3.1080360646910608,-3.425962906014111,-0.2861630959932041,-0.10674907670335372,-0.12522334628941556,3.908453747445928,3.62440846402023e-06,0.299897402524948,0.65479764342308,0.0010477951727807,5.25163995916955e-05,0.0013999271905049,8,43.6448412085879,-18.5964450980744,6.62877661184699,-25.4938180973542,47.5504637034267,-12.9767291100291,9.2825458072531,-58.4872486485786,-77.9500824577016,-34.5649247125445,26.3394946874487,16.3124932802484,5.51919748549767,-12.0329617951389,291.06140214278,206.237005007668
PD1_9,1.6658569519489777e-05,9.71994932650065e-06,1.2168259067536273e-05,7.247172731189161e-06,1.0507241531029224e-05,4.8910797601681165e-05,1.0436264928161477e-05,0.8125182908188443,1.485390189430375e-05,1.0264411455522613e-05,2.5472200681294752e-05,1.1205431050746312e-05,8.666078127280647e-06,7.946134024232533e-06,1.1750275160960228e-05,7.77043130802632e-06,8.316561116322062e-06,1.6635299386946606e-05,9.813644751209374e-06,2.5557404654074662e-05,4.9065138174474804e-05,2.95911694757284e-05,3.504302528320818e-05,9.885186044638604e-06,4.107038540623501e-05,7.1656495706839525e-06,1.2998801611138538e-05,1.1150507072309072e-05,0.04034421651205651,2.876368305162952e-05,2.4079131134306733e-05,9.146359294769243e-05,1.765129080123631e-05,3.833702046082349e-05,2.7947759242736696e-05,0.004444934245461049,2.0216666706886938e-05,0.0008966525699086957,1.4052150729157481e-05,8.89278504695208e-06,4.9346906288035536e-05,5.0055160304029925e-06,1.6681235450445834e-05,1.4829900487842715e-05,2.681762461323359e-05,0.034405566540436895,2.0852118240034672e-05,0.10645069279471243,6.815404759828079e-06,3.795176199811048e-05,4.3915851369512865e-06,4.859676843833999e-06,1.082081765429415e-05,0.6153689238743627,-2.5908363951304496,0.5176253791748472,-2.636378497833041,-1.528746450812192,-1.1172624420857675,0.6153689238743627,0.07558573680260015,-0.03633138124732422,0.06010304110393752,-1.7669559269038484,6.70410645398078e-05,3.32015986259648e-06,0.322254538536072,0.142070606350899,0.0246518179774284,0.0004530305886873,7,-5.59999915636131,-0.0174391649588252,-5.60417913706717,32.3100734030231,-3.68957718030658,0.0931556106311753,-10.9856170317648,-6.99234058723686,0.32740061756137,34.313650989709,-23.0865740793284,34.3059774305082,-30.26782802634,33.7387297771096,672.574095851737,721.419529316915
PD1_10,1.8776724802932704e-05,1.3454139093597814e-05,1.4642240642735756e-05,1.2008226518160856e-05,1.426934762403164e-05,3.198138452313134e-05,1.3176543320772998e-05,0.5116901403385525,1.6841048817867277e-05,1.542970247611132e-05,2.5082634753014807e-05,1.4892888255952308e-05,1.2718417998633283e-05,9.674933467477304e-06,1.6519496631186993e-05,1.0461151499205811e-05,1.0448601080061647e-05,1.5216305924295895e-05,1.3247214714355698e-05,2.3187715903745773e-05,6.548549837312089e-05,3.829810219592697e-05,3.916049134616457e-05,1.2873332268026624e-05,0.001818828665264817,9.293421575518034e-06,1.6949672483420983e-05,1.6857648949067465e-05,0.038023104736077756,4.411737561045264e-05,2.519001417574148e-05,8.60243924675278e-05,2.3916249733610008e-05,5.227800151019736e-05,4.2235284096182605e-05,0.054499696248803325,2.9999935023162014e-05,9.690545189229765e-05,1.9209540335754352e-05,1.1317111026883918e-05,0.006201646466494357,8.932301756763755e-06,1.975730102480726e-05,1.6083117184665063e-05,3.857927752283756e-05,0.25408042368468825,1.981249397170831e-05,0.132585500116112,1.1318555245495917e-05,2.858091299035354e-05,5.878779839121966e-06,6.564498086851624e-06,1.3012265274522748e-05,1.0919433953922508,-0.2518428673324941,0.6366960669668972,-1.620796034826157,-1.4588148545662873,-0.6537373969997725,1.0919433953922508,0.09102924510869152,0.050225218145255705,0.025513215284636532,-1.353852250779142,0.0016820667951833,0.0006915794801898,0.0378970764577389,0.611563235521317,0.0015953307738527,0.000748160528019,8,-11.0422028807028,-1.11553969377605,0.89922595987394,10.2172216064109,-3.98824897638134,6.62687576115855,3.65502701447426,-8.91398079068256,-8.89696839252099,23.8980512718909,-24.22783522133,19.3857375522078,-85.7207954746677,22.9859629568068,311.258417063993,255.020947756754
PD1_11,3.1284896757326126e-05,2.2836241937075882e-05,2.391906482009915e-05,1.874412516233764e-05,2.6880606795155826e-05,6.460959650590381e-05,1.7738846483866693e-05,0.710405154094167,2.9504745164732677e-05,2.21344745787105e-05,3.935275237752246e-05,2.655456617323855e-05,1.8012096345473788e-05,1.4428609612458711e-05,3.271856560545177e-05,1.9268076816044163e-05,1.831057877120937e-05,2.835963474719321e-05,1.64996222766698e-05,2.5293694406814622e-05,0.00012862286045267813,4.7772026428078634e-05,2.675975984987899e-05,1.849032474777878e-05,0.0062892103246328995,1.8558001853493115e-05,3.056631961685176e-05,1.655720398451703e-05,0.099422668752253,8.685863312972278e-05,3.857065954637578e-05,0.00021010542448057432,3.29943534010033e-05,8.451443689055306e-05,6.970414170735678e-05,0.0004130162287654444,3.600361240540581e-05,9.19957854884544e-05,3.0887708213039995e-05,1.571241607407047e-05,6.254993632461342e-05,1.507787125172846e-05,3.0535425910693295e-05,2.3635521679134956e-05,0.00012102565117418467,0.07066525176194939,3.241961623722573e-05,0.1005580139515762,2.848659461211518e-05,0.010406970016316651,9.554216527890951e-06,1.372449417552921e-05,2.1581078839338936e-05,2.691055625406368,-1.2238458086329886,0.13583703724301888,-1.9022382298633775,-1.2729923790304296,-0.8407958205563668,2.691055625406368,0.1795113573554853,0.17136126349224856,0.04682155851149891,-1.0584251221223422,0.0978779699653387,2.11258366107359e-05,0.0002525736053939,0.480537682771683,0.0002635451601236,0.0008086456218734,3,-7.04697376510215,-0.574035421796187,-5.52761483777692,-3.59419268220532,-1.47952942349014,-1.68126074103074,2.81972949526872,-4.96395196663041,-4.85436950247582,0.291990918375955,-20.1418080930156,-1.6982913807354,-114.852853534252,-0.65825863962564,5.84185693674185,-158.11956263775
PD1_12,1.8890734414064912e-05,1.6516101794070283e-05,1.4917294118842255e-05,1.4068695840608446e-05,1.7330427253646418e-05,5.123571475451201e-05,1.4239134865741412e-05,0.6345795019514512,1.9128696775180848e-05,1.7100881550789756e-05,3.451670074274764e-05,1.4639940413471469e-05,1.3955414168964022e-05,9.892363561996317e-06,1.7830544046510235e-05,1.2144912948016316e-05,1.305693568542526e-05,1.6197744013296214e-05,1.4002819399096186e-05,2.5139637408717785e-05,8.590117239970493e-05,9.162002634587697e-05,3.900565013164447e-05,1.3514861243217711e-05,0.0003282473155714409,1.1767305693257131e-05,1.8925231561446188e-05,1.597251890572243e-05,0.05410535938447608,7.632536628203473e-05,2.508950601855391e-05,7.243086762821315e-05,2.9678003780899414e-05,7.528384377922258e-05,4.545785773452831e-05,0.05997380661799941,2.688456419088161e-05,5.828041986605357e-05,2.416528106708809e-05,1.1163998071976741e-05,0.0012607703857341645,8.810177841318192e-06,2.2308842824589837e-05,1.8707897822895862e-05,4.132810620971114e-05,0.1602266381993715,2.4650148214416722e-05,0.08825755030475184,1.1088807858662546e-05,3.372189602007277e-05,7.119410142263508e-06,7.81490549314218e-06,1.6304479761535626e-05,0.1667900163490953,-1.1506129904626892,0.66617953128206,-1.380268327216378,-1.384984080376182,-0.9988671574959033,0.1667900163490953,0.10051070926982236,-0.07138366314114905,0.008979319040605437,-1.3571526501573579,7.8923454566393e-05,0.0076224149670451,0.0014248380903154,0.878033250570297,0.0007071266591083,0.0007400244357995,7,-4.35916092299711,0.233950701324397,-0.0810479969940019,0.722453663738463,0.425140796917769,-1.34074843888034,3.58396583517998,-15.4705392545094,-3.37360740876654,4.166006944773,-6.29844275058522,-0.497003524862487,-76.6807209201526,1.63008554052322,423.348609333661,326.00894159837
PD1_13,2.614267493919264e-05,1.4253498570638253e-05,1.803781163833263e-05,1.1671220189656192e-05,1.4725339472968527e-05,6.489855862379494e-05,1.3158502466875692e-05,0.5820094372636023,1.8032701685506346e-05,1.4248059217124954e-05,2.737928059248066e-05,1.4757901086453652e-05,1.273806791649722e-05,1.0669225573960058e-05,2.1436430513848074e-05,1.1906250969703225e-05,1.3434631804864911e-05,1.8494413120005723e-05,1.587902524343685e-05,3.807979357692567e-05,9.566224806218636e-05,3.523605778047722e-05,3.7468415877449626e-05,1.3997401199551888e-05,0.0008046807230270687,1.1862185596788436e-05,2.455723566592923e-05,1.6841866916344104e-05,0.19433091493947816,0.0004374813259728966,3.739396670999024e-05,0.00036017593380210927,2.995717618715745e-05,8.362374777018908e-05,5.158965709506687e-05,0.0001483060748229498,2.7281324246285446e-05,3.080322149441201e-05,4.6230647500346203e-05,1.3134460512594578e-05,8.14537537016608e-05,8.076287281692731e-06,2.2736509076495172e-05,1.9441999416009392e-05,5.526032731013492e-05,0.09143287076695339,2.358372830525626e-05,0.12921665877463154,1.1956608592606514e-05,7.171034791107673e-05,6.066109571358343e-06,6.664951812127325e-06,1.6940574913423282e-05,0.896509443524097,1.8860649416453343,0.41618683514741023,1.0602609860846255,0.5908002035845933,0.896509443524097,1.0153872633820669,0.09076441697143807,0.06591153559582368,-0.008996748897600848,1.1055270736584715,0.0003147486713714,0.127634007483721,0.0068069992121309,0.963999718427658,0.0002879933890653,0.113821983337402,8,-1.49951478294829,-3.02791441395237,-8.60892608056072,-14.9995745981947,18.7130370715918,12.0784732025843,5.71801532728559,-17.6596893647319,-14.2103809043382,17.2914504589297,4.80823326046587,13.7086888886003,-49.5726679412002,6.55727242020038,67.2230861790587,36.5195887227904
PD1_14,5.7809354666131955e-05,2.5470945018258175e-05,1.8777204365447064e-05,1.3507960088887389e-05,1.925812013405147e-05,7.763850101487567e-05,1.6141473109156496e-05,0.6633812296142486,2.2018149840878395e-05,2.1346604585845965e-05,4.035038172971794e-05,1.6353947885103735e-05,1.303192844048278e-05,1.3881548185363256e-05,2.9468982718346158e-05,1.6083454118790862e-05,1.5030884622009187e-05,1.8470504408567124e-05,1.4251207227650478e-05,2.635450385449719e-05,4.580770367824554e-05,2.9517583588293622e-05,3.3581880589831044e-05,1.1918632154773943e-05,7.216749275364701e-05,7.448148254147612e-05,1.881723238015631e-05,1.6304886126777348e-05,0.008970644302882512,4.008411987228925e-05,3.1216574802255334e-05,8.600468498922051e-05,2.6074339381865457e-05,7.905491811871902e-05,4.8356293471542514e-05,0.12060804852160065,2.6820800998256086e-05,3.348235157756115e-05,2.6801023007151753e-05,1.1489422437720043e-05,8.27855290562242e-05,3.183211173161478e-05,0.0020023859798935064,2.3930535601507752e-05,4.58899561672168e-05,0.10888145971503016,0.00017487438845987393,0.09383895484374769,1.3458307372988463e-05,5.7572569187870275e-05,1.2463063087816798e-05,0.0006716241480673401,1.5619335380831502e-05,-0.14538757613405084,-0.34653233763545177,0.8456493937785112,0.22837468611216183,-0.13877108766623814,-1.3826655268093249,-0.14538757613405084,0.10651017196623638,-0.17874116768519874,0.050359786657626485,-0.7569365481492971,0.0005828424182254,0.004673370392993,0.580865949392319,0.107481852173805,0.0008738287579035,0.000379900666303,7,-8.01231247664011,0.548888247039018,-5.7171509304639,-5.22926815377845,-4.74352792021295,15.7832851604191,3.83524260546479,-0.954659193270636,-0.101020959894542,13.8228015630678,-32.1149694177396,11.4847886521292,-23.6470097853182,4.49843495273941,378.867525279291,348.321047622831
PD1_16,2.5076895562021878e-05,1.750032133776114e-05,2.0147776744832786e-05,1.6059733950658834e-05,2.6554219299042833e-05,5.4822305408260386e-05,2.858390590305891e-05,0.8428280710754845,2.638057465863345e-05,2.645158817101625e-05,8.413178582512068e-05,2.355985589235748e-05,1.3571639448406334e-05,1.3517167570170694e-05,1.940501926048941e-05,1.8199875280888634e-05,1.7504953943922272e-05,1.8823671250387298e-05,1.374706434510343e-05,2.5321484300288465e-05,5.4094042647142986e-05,4.786625819200579e-05,2.85545100804846e-05,1.4272524539066096e-05,6.861876663390963e-05,2.1159023533245196e-05,2.0425684883824412e-05,1.3779509408787733e-05,0.003481836463456005,3.7215399891905256e-05,2.5967504362078866e-05,6.317841319536e-05,1.8151851257991888e-05,5.359774626188769e-05,4.166997230395268e-05,0.0001185788870359959,3.415144457433154e-05,2.2050311234825646e-05,2.1651966645587163e-05,1.4019087698320659e-05,4.36894970355855e-05,2.5507875632010298e-05,2.521464679723211e-05,3.498233147514449e-05,3.4354056135931566e-05,0.121705441861587,3.700962079028478e-05,0.030369636409111448,1.4550802214408652e-05,4.9072646611663485e-05,1.3589014666632187e-05,0.0001144847182075301,1.4196238262217352e-05,1.1812198353765042,-1.6349104573895936,0.43268995373106395,-1.1297625572542764,-1.166005800272417,-1.7744179897331582,1.1812198353765042,0.13865172649672305,-0.07193995836290562,0.11656180475080359,-1.481098033893711,0.103438805788755,6.2769338455837e-06,0.0046775277587585,0.9777991771698,0.0095972013659775,0.0001187530360766,9,-4.74392983504319,0.568591152876061,-3.13782119792119,-3.95958056388508,0.261523760504967,6.40966794422457,-1.51762974685632,-1.65739609992671,0.724360792645975,7.45554097588765,2.60707096868207,4.6667794371417,-57.4096730619927,3.70782979347706,264.076091844266,218.05142616408
PD1_17,2.7279357625463176e-05,1.6589308964110006e-05,2.02486504563178e-05,1.3950456457275334e-05,1.73109221628943e-05,6.101778951587717e-05,1.6399268521231143e-05,0.6813331899672604,2.0787955664369396e-05,1.9654393990764745e-05,3.715504741135232e-05,1.866044877178946e-05,1.4667671310698316e-05,1.057790509119768e-05,1.8603849730868393e-05,1.2699279490169403e-05,1.3528405271556962e-05,1.9880608551372745e-05,1.7608619602109174e-05,2.683853427925269e-05,8.821767508038688e-05,0.00024181745472036018,3.323406148075058e-05,1.3580457161346507e-05,0.00017268034186035738,1.339311071555723e-05,2.186619945866065e-05,2.048905966447753e-05,0.09833661369549165,9.561091146304369e-05,3.0457158289471052e-05,0.0001894338655496708,2.48041313629419e-05,8.511034897211244e-05,4.9811109308330536e-05,0.008905314768027254,3.8221494722768806e-05,7.657631680615742e-05,3.146027060942065e-05,1.4530550452906626e-05,0.002019219954694873,1.0386728352050108e-05,2.307514644992202e-05,1.9390665302735194e-05,6.685271015462028e-05,0.1287686159080584,2.9748176387301802e-05,0.07871517740724887,1.3577668001683262e-05,8.216865107650448e-05,7.880732329893871e-06,8.774822182080809e-06,1.52600084344965e-05,0.8343183738334972,-0.5319133712871196,0.17909914021335316,-0.10423604644965279,-1.0702301614078158,-0.9440653555506212,0.8343183738334972,0.05331574689178214,0.032041060458410826,0.03174077099999127,-0.9153127614915327,2.7592316200753e-06,0.280094921588898,1.61429111358302e-05,0.975921601057053,0.0013094306923449,0.0003023307945113,5,-3.83312001162037,-0.0633234911695083,-2.32272597440547,-3.72366493156595,8.10181088397527,-3.61502676038776,6.83589182946753,-9.10758356289934,1.91667938947878,4.59623920364193,-25.1582233548826,-6.01361958224862,-63.7758949148478,-3.84566446893326,184.459625206106,84.4513994597085
PD1_19,0.003991954135415587,6.389472903443706e-05,2.454896630516918e-05,2.30770168488361e-05,2.8387090732105085e-05,0.00017034136819034606,2.3297544523486686e-05,0.7574080348418885,3.3125891182335574e-05,2.779626348103853e-05,6.481039289402727e-05,2.4366328433261934e-05,2.2702014261529925e-05,2.0396159375385054e-05,6.002292522533903e-05,2.9090707896955096e-05,2.235453961366453e-05,3.166087899982693e-05,2.629234658355218e-05,4.456748515434967e-05,0.00010740367257629964,6.933294094188938e-05,9.425000202233766e-05,2.1282212814399387e-05,0.00018524422005444465,0.000125020471776414,2.9139836093457956e-05,2.6211490001409626e-05,0.01553995467030911,0.0001390763318806043,4.978366616516564e-05,0.00043979632113958406,4.538687508370645e-05,0.00010199456785261611,0.00010271953242729307,0.10028652438135267,6.068308338074665e-05,0.00010537051413502557,7.258865365501891e-05,2.0686425443478374e-05,0.000324032387176487,2.6819854335108035e-05,0.018710390755064782,3.297953158611075e-05,0.00011651456364988988,0.020305433079017162,0.0011097612416678586,0.07929148540470271,2.2452199675109446e-05,0.00021163732814239502,1.907358361581875e-05,4.2962604472105914e-05,2.328597174945886e-05,1.001308165704612,0.38027380518816345,0.34627689196786254,0.5440702041947469,1.454015174834363,1.001308165704612,-3.16297469346746,-0.1616712173403371,-0.29931273735110336,-0.0014552581208527658,0.7666649516074082,1.22142628242727e-05,0.344034492969513,0.602216243743896,0.0001298490642511,0.0093896046746522,0.006487179081887,9,-11.9594608257299,9.23131466381897,10.2315073003558,-94.2684107719053,-2.64898629046583,109.367737547011,18.7018950211141,-35.4145181756933,-0.672474459175675,24.4098013103696,-16.4662269762663,6.20333925758207,74.6767512937556,13.1995021212933,187.053688529054,291.645459545118
PD1_20,6.847385841160775e-05,3.2796459278210795e-05,2.1564025687163733e-05,1.7318745917958662e-05,1.9853089307144763e-05,8.964793380940176e-05,1.8325784773023436e-05,0.5254251201497001,2.6501867109976834e-05,2.11269253703936e-05,3.8701496379607544e-05,1.9331025101160423e-05,1.9280287777864745e-05,1.4560517736135776e-05,3.9277370966222384e-05,2.6233951963565774e-05,2.0114391940695584e-05,2.5917449122954416e-05,1.8315056969506898e-05,3.426201096983449e-05,9.601894459734316e-05,7.771403114375927e-05,4.352603588320166e-05,1.7598629893632946e-05,0.015646847759464642,0.00019323368974990266,2.4172577149059015e-05,2.0685922267847903e-05,0.13835056109571317,0.0001063251017487179,3.663143900727861e-05,0.0001430548849958986,3.225040116801072e-05,7.666928300566629e-05,5.0039005933121195e-05,0.10371634347291143,5.5297215331237666e-05,0.00016965564242144593,5.8581114806035535e-05,1.7383056019913798e-05,0.00013403844053635786,4.197406009153131e-05,9.440178374773948e-05,2.8340063314572426e-05,6.432873386091421e-05,0.059712351128985014,0.00013774593206169295,0.09358523359201217,2.907381573915317e-05,8.616115118175946e-05,2.2448717994767688e-05,0.06111669440058223,1.7896478387922855e-05,0.9052955204322627,2.3165278204837714,0.7812448952467284,1.5943606474200096,2.0451039379911977,0.9052955204322627,-0.6388488567708217,-0.0731466167313988,0.03971986012601174,-0.07561202245889642,2.0347295877138927,2.9773531423416e-05,0.0284441411495209,0.12894743680954,0.0156424869783223,0.0003133445570711,0.0617705043405294,7,10.4564222173027,-10.7653901190027,20.6206544042548,2.42362296773107,17.5307990937229,-9.8645008062021,11.2990625833515,-22.5823968764208,-26.5182937692107,-0.366500962050832,-45.2961083471674,2.85938891529119,-63.7826267385102,-13.7184212743441,266.669937082011,138.965648370756
PD1_21,2.9345437155415472e-05,3.3331237405332165e-05,9.860323086368549e-06,1.082687907366374e-05,1.0951941796148432e-05,2.7784014384637897e-05,1.1543557701623804e-05,0.7286446315137372,1.597974734004038e-05,1.397754662918469e-05,2.0922389980359926e-05,1.2551727435939426e-05,1.0158697652667289e-05,8.229451225722243e-06,1.793441546228997e-05,1.1624682295551737e-05,9.990719152615994e-06,1.5508646991344232e-05,1.0399639855090919e-05,2.144249296771972e-05,6.226558982433502e-05,5.584675247340601e-05,3.1749127536292634e-05,1.0759004189242696e-05,0.00010287791716207072,1.9123932272601643e-05,1.1435507104460853e-05,1.2699442361483024e-05,0.06194373332696292,2.4893905430780248e-05,1.9909414085477626e-05,3.48177381503031e-05,1.6961843029894458e-05,2.3402915139223787e-05,2.3236343473566716e-05,0.013864935087305937,2.1523776516940203e-05,0.00015194951248362752,2.0485662174327077e-05,8.69961728305702e-06,3.939401322603506e-05,2.5951811380078003e-05,0.00020150447439293344,1.4367963428211534e-05,2.9684389894444973e-05,0.10484033802319304,4.164048326059877e-05,0.08927179490050129,1.380191348704339e-05,4.115321070761482e-05,9.436582825030429e-06,5.055395486803508e-05,1.207680254733112e-05,0.8861327186834523,-0.11411107088270271,0.5839997061181709,0.6305847408308316,-0.7992213626439246,0.3215579433337559,0.8861327186834523,0.06430015466625814,0.11976079279237117,-0.04568367890985265,-0.5153583148212694,0.0016600165399722,0.104259885847569,0.0090385591611266,0.97546312212944,0.0004653023934224,0.0052809289190918,4,-23.5824125579358,-0.227308980132775,-19.7252782609344,4.22293472078477,-17.1742392661966,-1.63944702053858,8.47727685965877,-7.5806471378913,-3.50649130462508,8.99166099198544,-21.3075112505045,-0.52360023498381,-130.32433595113,-4.64316372095927,184.900144856447,-23.6424182569564
PD1_24,2.701073669156836e-05,1.778739313286354e-05,2.1000944370589394e-05,1.7019368981532348e-05,2.4519263684382106e-05,7.391473463220476e-05,2.0806335104889127e-05,0.7098732367224327,2.6012895998203293e-05,2.3911903557605766e-05,4.223642443764585e-05,1.9024176660872752e-05,1.8410299498365444e-05,1.2690745904547725e-05,1.9171206896677664e-05,1.5524894763015002e-05,1.6529381636408704e-05,2.323292413624813e-05,1.7236520090025733e-05,4.267976695571032e-05,0.0001130123359743261,4.480223220719946e-05,3.2349135317149526e-05,1.6239449268007313e-05,0.00031377105530689303,1.6719636907136826e-05,2.2802005577027666e-05,1.856025552978408e-05,0.02176626567606193,0.0001343445718801881,3.2277692613461494e-05,0.00018774041841793806,2.8551985626944856e-05,8.096894661753341e-05,7.241256718010508e-05,0.008062860771283941,4.67521072309443e-05,7.838501999573359e-05,3.2064685208565225e-05,1.6196696256024835e-05,0.00015791557090963406,1.1795427786084566e-05,2.7169551119225204e-05,2.574749496284748e-05,4.474888352327214e-05,0.18526654558236635,2.8777071256701893e-05,0.0728644265505515,1.274323323821659e-05,5.338117627863715e-05,8.52245290888543e-06,1.0452783594786284e-05,1.874033747761413e-05,0.15177804940337442,-0.8678422973808255,0.6350329520765484,-2.584742539590271,-1.250707459739345,-0.786271000400386,0.15177804940337442,0.04831405381525477,-0.05993462093503948,0.03692736550649856,-1.159785388910566,0.0057164959143847,5.81097228860017e-05,0.176843345165253,0.626422971487045,0.0013645693543367,0.0004431434499565,6,-3.63793087912927,-0.279966867795626,-1.32534423816507,-2.52482627792325,-0.284277947443204,3.08074913242393,0.781715401654308,-6.57500259650202,-4.24038107510037,3.90957578618675,-1.39073879712653,1.3670273309288,-154.419967915385,3.71583513924226,320.672082491837,158.848548687702
PD1_25,0.00038094335433028285,8.006042087776159e-05,2.9490386814291763e-05,2.2101044346929765e-05,2.977842364947767e-05,0.00010197682739826449,2.730968266626506e-05,0.7331863032795556,3.345205932493005e-05,3.165346497457519e-05,5.7284411861581836e-05,2.7529063698195946e-05,2.6810988339167308e-05,2.4542167589854574e-05,8.861822097709719e-05,2.6959714855370788e-05,2.3466208851206435e-05,3.150159184903523e-05,2.7868703093552388e-05,6.267477202149304e-05,9.217547066010117e-05,8.256902310645244e-05,5.325676422619018e-05,2.401665011341322e-05,0.0009314450758076537,0.0005212368042864325,3.666648635295358e-05,3.209593228979438e-05,0.1060741425353764,0.00021000311556522745,5.0286757953345784e-05,0.0002431926578318181,4.550334803613445e-05,0.00011384487117019134,9.9118256507101e-05,0.005767812045606443,5.9799077643915475e-05,7.177053236498513e-05,8.679930950153336e-05,2.5330245731371272e-05,0.007258682205579504,3.124104029514968e-05,0.0009075030811603988,3.309902202054307e-05,7.814006566753983e-05,0.0421614922737504,0.0003061141073096709,0.09986302165620213,2.632227059105565e-05,0.00029999328800097986,1.9778228767488063e-05,4.672080614875753e-05,2.6502207299555246e-05,1.4779423607254494,1.5553602137551594,0.49790020509487276,1.181444957321299,1.5712946372816585,1.4779423607254494,-1.1865645515162917,-0.03923177001332124,-0.0816700028047529,-0.06022731550363727,1.539594928224371,1.81882724064053e-05,0.457466289401054,0.0251350440084934,0.0039512377697974,5.42678808415076e-05,0.0227029612287879,8,3.31509885715138,-7.04861109197977,-3.19082598497234,-8.83730984411283,7.71442131127737,15.602836879538,13.3392476224618,-22.643139521649,-9.29491760184316,11.1648494895512,-46.7353497164277,10.1758542071144,-17.7512315945853,2.7585605694741,161.416863924311,109.986347505309
PD1_26,2.1160755492370833e-05,1.2393992114457236e-05,1.5238638935397195e-05,1.340649224026167e-05,1.510356582011699e-05,6.126482596700077e-05,1.1804746858483808e-05,0.5399026876773734,1.7436889063896532e-05,1.7454214321534013e-05,2.9340670637323005e-05,1.6126002217675907e-05,1.148875061763036e-05,8.71513605124769e-06,1.4236480380361782e-05,1.0268406077710854e-05,1.1419681308386918e-05,1.5684571630767875e-05,1.3600915488291702e-05,2.1745909327817284e-05,7.164931308401443e-05,3.082257403964887e-05,2.459834459250004e-05,1.1699758523058176e-05,8.816667511352155e-05,1.0295547653112748e-05,1.701595094403366e-05,1.5038467723144534e-05,0.06591495761750453,4.644976924769785e-05,3.259524900098813e-05,9.257003449849938e-05,2.4734419717551923e-05,5.328183490179604e-05,4.365475002535796e-05,0.10679670483799504,3.5883235181276955e-05,7.969750783199182e-05,1.693870353769928e-05,1.0616706257480519e-05,0.010403223622071562,8.681335562252713e-06,2.1155495608592028e-05,1.4335082873227733e-05,4.477517683655109e-05,0.18218184364451387,1.865421937892961e-05,0.09357813930628771,1.024911456578268e-05,3.446195892095758e-05,5.751273656696731e-06,6.72377941022602e-06,1.4056371016817335e-05,0.5675965374816953,-0.4844107850208269,0.6667138940783607,-0.688223656144745,-0.7368817467253974,-1.6068336631069176,0.5675965374816953,0.05980260214439,-0.010815150212470512,0.03879258601759528,-0.6017452238448712,0.00027088013303,4.50167717644945e-05,0.0090167059097439,0.921768009662628,0.0205761743709445,0.0001545402483316,6,-1.9770137756241,-0.638781005545013,-2.01675839971793,-5.69462738206677,4.76600685091521,1.61386917992127,-9.83574410165041,-3.19027626951925,-4.38142390426345,2.66226242439381,4.93018683521794,0.630024879513927,-50.9216934849606,-1.54372992293471,304.983748888721,239.386050812401
PD1_27,4.111484657610152e-05,2.8764665129117867e-05,1.9329440714136806e-05,1.5632225177406278e-05,2.0868672165814257e-05,5.696496009856779e-05,1.678176806394322e-05,0.5921499305755169,2.3680420847062955e-05,2.0399484219335343e-05,4.367026710945043e-05,1.9025559213115076e-05,1.8011137938760465e-05,1.3259705062735205e-05,2.676987879785694e-05,2.2277507492185927e-05,1.5589277507215144e-05,2.210792915173759e-05,2.0642871318554593e-05,3.236350523973184e-05,0.00012786510321010874,5.861727424477317e-05,8.872879239404832e-05,1.5223877885458655e-05,0.00035433318159563477,3.2054190530235444e-05,1.9360320201641068e-05,2.173547556313084e-05,0.13386594670185026,0.00010716648604773026,3.109430741386333e-05,0.00014399430791065798,3.0227323192494513e-05,9.339364167206498e-05,6.653816984727182e-05,0.0686043897128928,3.610615950341221e-05,0.00010701819886859302,3.4622898445646325e-05,1.713419108907161e-05,0.00011466321224514007,3.742845721368993e-05,0.00016308712889720743,2.210865240982815e-05,4.714483377117543e-05,0.06016721129649345,8.172598946760646e-05,0.14148558206705178,2.2031389682473785e-05,6.854266989763513e-05,1.5930028902686913e-05,0.00127653765210513,1.5271610163644165e-05,1.220326474323719,0.7235483132674223,0.5261498018567238,1.286106475262725,1.1866152542273123,1.220326474323719,-2.542187345864924,-0.2858317460132955,-0.014981078423073103,-0.07295245594625256,0.9875724136523948,7.0010560193623e-06,0.0043387232581153,0.257180027663708,0.183743730187416,0.0022840663441456,0.0050531607121229,5,-8.2307380516019,-2.54859444248578,-5.01576530536494,-2.06350439091895,26.310717057161,-21.9374286163142,18.8438085497571,-1.12801623875271,-28.1127877236879,10.5405221015297,31.7171433919431,-3.24553233816781,-29.240865295485,-7.17220908875864,216.390805706884,195.107555315738
PD1_29,2.5158664649297722e-05,1.8593523033919957e-05,2.2000259982723344e-05,1.8610312622170155e-05,2.357718270513811e-05,6.651441496639295e-05,2.0362780286410753e-05,0.5600339737619258,2.650015649784962e-05,2.3833684258574817e-05,4.745250804178676e-05,1.94121031065906e-05,1.8014480697226548e-05,1.3271547034490924e-05,2.1759575072175328e-05,1.4100573419054424e-05,1.5768870008814037e-05,2.0147215790037923e-05,1.7899873167205768e-05,4.028043129846731e-05,0.0006293292355108276,5.759484461669324e-05,0.0003186098167611012,1.7378810520449777e-05,0.04170690528830912,1.5892585981348476e-05,2.24617304727671e-05,1.986616209485688e-05,0.05413753133921437,0.00017819827090279108,3.61163610303688e-05,0.00023587230434763402,3.279084526970791e-05,7.831538654057553e-05,6.900673776218676e-05,0.03401286502214974,4.649922076525991e-05,3.6179796918339004e-05,2.5974842550773852e-05,1.622363746594266e-05,0.002101835191586682,1.244438411059271e-05,2.813467065414334e-05,2.571482588589596e-05,4.8737277407985944e-05,0.25034013634290714,2.7140738518199016e-05,0.05512843584046517,1.572038571844922e-05,3.365050284523439e-05,8.958076960143947e-06,1.0164065716619356e-05,1.808353947510553e-05,0.7395111903501862,-1.1659476250618814,0.521264166370508,-1.931381706835989,-1.2192726086267072,0.41739854240679014,0.7395111903501862,0.050462036394340964,-0.000726314639003773,0.060983973099360524,-0.9605173997189655,0.0042487330501899,8.88994836714119e-05,0.0358834899961948,0.227046452462673,0.001147786679212,0.0029123956337571,8,-1.01577339631954,0.394221445596848,0.565929779934838,-3.16788708669878,5.76219899386811,0.855615191258267,-13.6540316182929,-16.4490407540404,-2.63572100201496,4.46570049474714,-8.16929186160053,2.69392430729987,-112.226175400768,3.47130529420155,562.668739871031,423.559714258202
PD1_32,4.503780292558381e-05,2.4781113130931613e-05,2.629755900928191e-05,1.969049594724999e-05,2.361763214631161e-05,0.00027018222609441174,2.0096728800071787e-05,0.6718067995179602,3.264222818400355e-05,2.213794225738997e-05,0.0001002716200154555,2.327399506221749e-05,1.4930587065339456e-05,1.6814968357125313e-05,3.969461906240414e-05,1.8723201950420762e-05,2.1819405691494757e-05,2.5435697898181296e-05,1.781850746226945e-05,5.23254996501229e-05,0.00010848597115555737,5.370228196325562e-05,4.048377898346381e-05,2.097303353100124e-05,9.247746441669622e-05,2.1101647274934924e-05,2.893968506899442e-05,1.7067932433003985e-05,0.009030767796847219,0.00013856165782447931,6.219761665510708e-05,0.03897043492647186,3.998872948313638e-05,0.00023253080692690095,0.00016435940245194833,0.033008900354970436,5.069756935788427e-05,4.150815784164135e-05,3.219255004778342e-05,1.7089485454488235e-05,0.00013401098451145993,1.97846773621791e-05,5.2065951082724956e-05,2.8975403771513257e-05,8.962576030034143e-05,0.1051215037587143,8.351994105129024e-05,0.13934580453456724,1.4480218174400702e-05,0.00025420455767779,1.225055155420543e-05,2.680286689351582e-05,2.2118596508742514e-05,0.9534638648584148,-2.6133273310362632,0.6950289867991174,-1.5148184693307625,-2.1357051347589477,-2.305321935462518,0.9534638648584148,0.11161925088127408,-0.07215234544554427,0.11403269781337186,-1.6774317228404372,0.469040751457214,8.96502342584427e-06,0.0001317321257374,0.961245834827423,0.0180847644805908,0.0001134650556195,5,-3.28054208731333,0.28540340446746,-2.61643442744875,-4.57028329161981,-2.37881750072806,4.21591286791708,-1.34077215833055,-1.60998899652603,-0.564336796503263,0.54735416288253,-62.3337298237693,0.178006071465436,-49.6125160247594,-2.04312056819235,244.674528683284,119.550663514826
PD1_33,2.4309712941386175e-05,1.5832544048874745e-05,2.1133705249917594e-05,1.507850843051645e-05,2.0792292088272243e-05,0.00015024054916849136,1.6407021164043117e-05,0.7195080407467938,2.1760404957023103e-05,2.114693416313682e-05,5.4256170009042634e-05,1.6274321636734773e-05,1.4092155432083703e-05,1.2135658305370919e-05,2.4210541395665692e-05,1.3627955800338698e-05,1.602403915977382e-05,1.8730445538958983e-05,1.4290253014950673e-05,3.565259194460056e-05,0.0001833556044577658,8.5558021995198e-05,3.0040615547081074e-05,1.569647766739721e-05,0.019022877133323214,1.708134094506837e-05,2.3279976479830343e-05,1.5811377057405835e-05,0.05820663088402372,0.012341158545342663,3.9896810778896744e-05,0.0009969075185695111,2.2125231442529247e-05,0.00012115239457056103,7.228753785753659e-05,0.00016623532072835865,4.227575507739029e-05,2.7232239418018786e-05,3.2707064343519984e-05,1.4073699112685432e-05,0.0001054685183785129,1.3063834836920573e-05,2.4493537847067865e-05,2.5441752104667685e-05,3.8962080210336004e-05,0.1455834712098805,3.239232340436844e-05,0.042561248537261766,1.410531127406959e-05,5.0981332147829645e-05,8.98889177186077e-06,1.2727010035205367e-05,1.8235560864660004e-05,1.9211945546305849,-2.3979375604831272,0.2434081379812275,-0.6779440214523991,-1.5678235897972894,-0.6683374914050133,1.9211945546305849,0.19254982348974842,0.036947676326319456,0.058275992075637134,-1.3038064936829428,0.573032438755035,1.76410521817161e-05,0.0110098253935575,0.131863847374916,0.0029380549676716,0.0028233204502612,6,-13.8066469896396,0.670269034288737,-12.6727707158166,0.0091805103680568,-11.7376797634172,0.830239176701112,-0.13322513935981,-8.53463446130613,-2.63950772482929,2.90838691329152,-2.53619933538695,1.66952108715411,-78.2331298627824,-2.6166361202142,1838.17598319624,1711.35314980529
PD1_36,7.213085879659114e-05,3.55879461420706e-05,2.549917422723078e-05,2.148742756099251e-05,2.733951753073656e-05,0.00014867658715855613,2.20620905550647e-05,0.5718523634730459,2.8634404588899584e-05,2.5902937460169192e-05,4.9861608608941336e-05,2.341068496140296e-05,2.276989689884274e-05,1.725650558822544e-05,4.2972548876145666e-05,2.4491606942273844e-05,2.5244359442379412e-05,3.12405044188789e-05,2.4832250691560012e-05,4.863062472362499e-05,0.00018206447413777023,7.861088967801513e-05,0.0001002358059978931,2.1648449002566542e-05,0.0011201245389278632,6.287187483779594e-05,3.086651982158706e-05,2.8207734726814e-05,0.15097689305858633,0.0002173929022650502,5.220109742820358e-05,0.01620010491929198,4.819410864225959e-05,0.000179730087175225,0.00012741446802215313,0.030946200047388555,5.370017066320495e-05,0.00011203464086553394,4.340724862916464e-05,1.8918586174031976e-05,0.0003989975003455093,3.333265845104643e-05,0.00016513436054584721,2.8635704626784227e-05,8.75171677662981e-05,0.0700448010279693,0.00011723489076821105,0.1522949999635379,2.1396558677407928e-05,9.044425697962076e-05,1.909202777098238e-05,0.003503338962251108,2.3858289828955917e-05,0.2717531929001022,0.6247286473850947,0.48119598918679496,0.991970254568415,1.0838210392345453,0.2717531929001022,-2.0060183850923834,-0.24771726008175352,-0.03978297861017685,-0.005573525104720601,0.6724522006902058,1.39423684686335e-06,0.0041827682871371,0.259477958083153,0.805028319358826,0.0035104902926832,0.0264500016346574,5,-1.51450040508413,-4.47088079040872,-7.50475833172135,-3.28957869424015,10.6386846459652,-2.48075250310656,11.5440703535855,-6.56074970898985,-20.1498274311515,6.38285385370261,-16.8625745672027,0.0389121841784679,-79.4559661494098,-5.40568651980259,238.871840199893,119.781086136208
PD1_41,3.839847403907358e-05,2.195022861852e-05,2.2693176399720295e-05,1.7644253249733876e-05,1.9718312515562934e-05,0.0001319673273429724,1.815356413717233e-05,0.6816957492233874,2.2536228000218835e-05,1.8969763179915607e-05,5.001315124738123e-05,2.069959414555391e-05,1.8022051095165003e-05,1.4121371021731966e-05,2.338163341297402e-05,1.8355079108721147e-05,2.019810282257048e-05,2.411247294479443e-05,1.7998425333036704e-05,2.954569206532518e-05,8.000342581797898e-05,7.647678431644194e-05,4.644080422816224e-05,1.9325558467177555e-05,0.0003817276329300776,2.661932844135344e-05,2.537473670537242e-05,2.0462582951649164e-05,0.0874102680038571,0.0002553854883262132,3.847194427127847e-05,0.0007613670456779505,3.745025611067921e-05,0.0001293982148985767,0.00010914430265876606,0.005142514101024443,4.981118209380738e-05,5.158608818940856e-05,3.278420611700156e-05,1.44300635903733e-05,0.02049622760984943,2.92752863793866e-05,5.474053291433778e-05,2.3430903072904635e-05,6.564347537217127e-05,0.09541625457830953,4.640027434853003e-05,0.10633197272182528,2.160951065382611e-05,8.133579123851884e-05,1.620770515527087e-05,0.000444741137265183,1.8890598874414544e-05,0.49386417140485,-0.8187369662796468,0.6132568256859697,-0.10502624808883354,-0.5561927886451274,-0.7250611576050583,0.49386417140485,0.033993085923243585,0.036799625717103795,0.015050560176119894,-0.47640397361136155,5.61752076464472e-05,0.0218190876767039,1.70315820469114e-05,0.808922946453094,0.0006053214310668,0.0021598635357804,5,-13.6774146681212,1.11386942095198,-7.80070986791335,-0.521398702064195,-5.90513915972158,-1.40639757408081,1.83230448335626,-2.20775833876843,-5.95846891035601,5.84447923225458,-29.076009401985,1.45383391240194,-151.242412827964,-2.1867199529671,547.106229849072,337.368287494094
PD1_43,4.790092755360362e-05,2.7112126950890122e-05,2.6286288411005157e-05,2.0244738697748063e-05,2.7605028065625257e-05,0.00013103609953428935,2.3103217897769908e-05,0.8224361171747605,3.0212370151746922e-05,2.375845654223803e-05,5.822556082597982e-05,2.8314167412371462e-05,1.762613205133532e-05,1.661952390643908e-05,3.671331459656722e-05,1.9463184361579246e-05,2.004066580211894e-05,3.173966761867991e-05,1.9795843673227362e-05,4.755307158174183e-05,0.00013409446328475108,6.527878927627394e-05,4.010068026222887e-05,2.0406956540274378e-05,0.00010769086896590022,1.7055434798123546e-05,3.389699064902627e-05,1.860633358760194e-05,0.027658142606345863,0.0001859007672546339,4.963805780607378e-05,0.0002697678986962049,3.883933932947558e-05,0.00010738045086028184,7.788485095684476e-05,0.0009760208048875986,4.43200917514288e-05,5.5130253249974894e-05,4.014073080352545e-05,1.8459120938167833e-05,0.00012041548523376955,1.2819751411904756e-05,2.9641546114717704e-05,2.928333110767319e-05,0.00011800227783968717,0.05559993064469285,3.4622496503171444e-05,0.09068144068812954,1.6534478466941734e-05,0.0002590190144409615,1.0616805542530913e-05,1.1236525872594374e-05,2.821390400387562e-05,2.3737401124401347,-2.8689572097154614,0.13825341017621648,-2.6113445202569907,-2.136074260835795,-1.554428604375832,2.3737401124401347,0.24349466308694714,0.04005985043265138,0.07034041620204401,-2.0054657984453947,0.638871192932129,2.7443335056887e-05,9.34616000449751e-05,0.959820926189423,0.0028347694315016,0.0002475358996889,4,-3.37375011286745,-0.018163050461601,-2.12787737928365,-0.376516874069848,-2.24416959953571,-0.241436708662087,-1.01870606478207,-4.11851962222332,-0.240787223620073,0.511626930599804,0.851186032589322,0.166387151405544,-50.0292627245376,-0.0871587922568898,25.8823405471826,-36.464807490523
PD1_44,5.737916978317218e-05,2.8301914584460952e-05,3.3371144837716164e-05,2.0843138410490118e-05,2.9193006161123694e-05,0.00028569059467477574,2.3719044493080587e-05,0.6904949534831184,2.937729297991629e-05,2.5872624921800145e-05,6.876877472750795e-05,2.2914360810461723e-05,1.7226650261167487e-05,1.848804097675763e-05,5.981550657420283e-05,2.728361766827888e-05,2.2877792326719962e-05,2.8723314838687187e-05,2.0554382924390147e-05,6.113967733630756e-05,0.00011061652579216557,5.231029846599804e-05,5.587313110703646e-05,2.151278692270093e-05,0.022372930105057115,0.00010754241846900006,3.493317145121011e-05,2.2277903774567565e-05,0.03865388951599889,0.002662581521184272,5.83959325169641e-05,0.04825728439172021,3.399388081968049e-05,0.00019432133358363813,0.0001225495794143139,0.00018162814108642038,5.0741687581857994e-05,3.984719284191072e-05,3.641971953043478e-05,1.6979103861690872e-05,0.00021341988113637945,0.0016252890717564066,6.454153871070139e-05,3.455703604132313e-05,9.61390780925382e-05,0.138015270559357,7.468303702314445e-05,0.05464757730512361,3.6754009963231474e-05,0.0001577657076543043,2.1741375231696904e-05,0.0005249996243612206,2.4139901958301897e-05,2.046801276506313,-1.5402492790188926,0.3743814385539303,-2.015379877618108,-1.532390143636447,-0.7644034802568138,2.046801276506313,0.18221044601574635,0.027882656400541186,0.10262183470957563,-1.2603773349449474,0.788203716278076,1.95832371900906e-05,0.0002570733704487,0.0151473344303668,0.0002585749170975,0.000137544277095,4,-0.506752110671512,-1.40256874241023,-2.43416468518557,-1.09131354507396,3.22252252506859,-3.29505490875835,-15.2218034481205,-13.9222247042155,-0.0981585025043996,-0.657093818092205,-5.65057752709001,1.23353451848844,-128.354143558505,0.0766281867361012,260.196459601416,92.0952892810813
PD1_45,4.417106315155677e-05,3.6358092339264774e-05,3.7522685823014e-05,2.5726861046405885e-05,3.0192597143110727e-05,9.541945067745535e-05,2.7856131569343035e-05,0.5183691118939705,3.6915598366293425e-05,3.096904753920332e-05,5.246495903004482e-05,2.8826509148477558e-05,2.8159616357609783e-05,2.192578479145512e-05,4.106735087495753e-05,2.551602724187585e-05,2.7511700351378804e-05,4.716644426657391e-05,3.5450085647596804e-05,6.45964739090479e-05,0.03119305270732577,0.0008804083244916261,9.68325830281817e-05,2.9613611940324e-05,0.0019383625188863663,2.6152832709741418e-05,4.8511688809401976e-05,3.632694566205092e-05,0.22241678624718003,0.0005119831245929428,6.000740924614898e-05,0.00042837952419152406,6.146132517013518e-05,0.0001716181413018416,9.986529166787241e-05,0.0005095323385113602,6.250656286430222e-05,8.73903632738604e-05,8.54693036080163e-05,2.7191219538806843e-05,0.00019351206552807628,2.2534840562283685e-05,5.839241751935628e-05,3.258576093288643e-05,0.00012485019308360656,0.09104041442879524,5.0621796461963956e-05,0.1303949280831195,3.6479796644656026e-05,8.767346661969212e-05,1.4947361102527518e-05,1.9928371342049256e-05,4.475098104239055e-05,0.8587197183941025,2.583457531408422,0.5851349509002455,3.98619180662573,0.6610674321995259,0.8587197183941025,0.34749825749030594,-0.0011350808466411633,0.12076852017586492,-0.08010628939268935,1.0975741633623552,0.0001556476199766,0.168294318020344,0.0083576827310025,0.696279734373093,0.0002726210368564,0.0125760966911912,8,10.2288446559564,-14.5573046055119,-0.770740109154788,14.5493972193985,28.7707301139634,-25.1105536800577,24.7361966608262,128.49476706648,-24.134551858248,7.98072899734793,24.8828325220288,-0.308090483105026,-111.696132686873,-142.400868306382,277.989609345357,198.654864852025
PD1_46,3.125128283672688e-05,2.044535107844639e-05,1.5070141699944572e-05,1.4594035401101465e-05,1.7807057984926015e-05,4.867220812966576e-05,1.7878681142942766e-05,0.5916847987770553,1.832892681683915e-05,2.1135041539525258e-05,3.0054347125173668e-05,1.5236353173162286e-05,1.3102440878858318e-05,1.0040399733664848e-05,1.8137189632634908e-05,1.5894495973942946e-05,1.4114940926720145e-05,2.4556665706370166e-05,1.423508049556905e-05,2.0214999067980817e-05,3.367689301880207e-05,3.387614639341058e-05,2.451038779848612e-05,1.1339474311330388e-05,0.011355304632975282,2.919261762665614e-05,1.9983933338564457e-05,1.61670885004507e-05,0.1261253700712862,0.00010635520849481604,2.470114290896475e-05,0.00012196278849018242,2.5257100317663287e-05,5.2978662976153136e-05,4.312485359151786e-05,0.032588325990905394,2.9236801835468034e-05,3.123655463185671e-05,2.7088168901650843e-05,1.3023715903612076e-05,0.00028671736477625854,0.000724850078530743,0.0005382908880426167,1.9498860381181778e-05,4.9603791387480415e-05,0.16520100283539085,5.844886091364511e-05,0.06965282068883165,2.3347924790814218e-05,4.386021642771148e-05,1.1171471817222528e-05,0.0006001719814942593,1.1934386609000603e-05,1.3108938168370985,1.083185493941273,0.26930931027040944,0.23933651921796883,1.3345218846054583,1.3108938168370985,-0.30536474285431037,-0.09100805886471837,0.11137389940081673,-0.07472469627632412,1.1974611793541352,0.0018776260549202,0.000661534781102,0.733757823705673,0.0638404935598373,0.0001511674745415,0.0332228988409042,4,-20.9459347919356,-1.04563218273889,-10.6706490218321,-13.5801506901437,-10.9813895769379,8.19593785635928,-3.14359182223024,-38.1323953422777,-13.3049584662799,4.58033238121327,-0.863561145092188,0.85595244502972,-63.3765066942254,-0.0554414697426182,353.231504143891,190.763515623057
PD1_49,4.912195361291851e-05,3.6347207675404444e-05,1.9391316019375197e-05,1.7047340876826706e-05,2.0826251166254333e-05,5.523343042149069e-05,1.7290721451208777e-05,0.5201522402861651,2.5511238110286937e-05,2.0729722693729717e-05,3.390865073862053e-05,1.703868875030785e-05,1.9463247164793616e-05,1.477544399665729e-05,2.0872021695794097e-05,2.978346874185869e-05,1.808272909791923e-05,2.1841401860918738e-05,2.4861484687710355e-05,3.447937148617566e-05,0.000216754396011105,0.000103417466423488,8.491611592258543e-05,1.811404209828228e-05,0.00048812207989062934,5.677545696396124e-05,2.255919612445491e-05,2.3479890915145118e-05,0.2102368881064091,7.450961856735191e-05,3.4511201866088084e-05,0.0001325682651500304,3.893534261006206e-05,7.656403038296435e-05,6.099558367262454e-05,0.02233542276852493,3.9704120084450885e-05,0.00011869171528129,3.620496642375325e-05,1.7526031432329126e-05,0.00010144930351334576,4.910344577319254e-05,0.0001885930760563424,2.24899784050596e-05,5.7597314045459096e-05,0.021970071057918938,0.00010075359502770086,0.20277710427273687,2.2769840963605267e-05,5.6345417994135774e-05,2.197987526279927e-05,0.019749705637425886,1.6530813708633347e-05,1.9015685595569431,1.1128901923893884,0.6456266647062019,1.6686787104034493,2.061932944162927,1.9015685595569431,-3.7647861310519017,-0.4025874300516079,-0.03675354030339001,-0.11263594383842629,1.502073067356069,7.98914797428552e-07,0.003933849511668,0.745486617088318,0.409591987729073,0.003832146176137,0.0103765456005931,6,-3.68400336002894,0.693760819889537,-5.04789129293221,-14.3741301863844,37.8319481834242,-7.62535971459992,29.1421948962012,-16.3573611687169,-46.8246960318632,19.5164616424688,19.0470158758923,-2.00400681556594,-28.7022239718272,-3.65154378349157,253.717462062031,231.677627154496
PD1_50,4.4116367132580104e-05,2.6320180526647564e-05,3.290077199048009e-05,2.5063395632484768e-05,2.9469786460735496e-05,0.00020718799506939275,2.508683568528135e-05,0.5609273424012456,3.8354597907969255e-05,2.5328076473078204e-05,8.465760100438515e-05,2.952419823908684e-05,2.295726850726325e-05,1.9488061456225e-05,4.172593624556565e-05,2.1445421211735825e-05,2.7342673430239236e-05,3.296733844458614e-05,2.4843221072824817e-05,6.114919043277085e-05,0.000257245215513724,0.00010167716120979224,6.155431298301617e-05,2.5074488639001732e-05,0.00036226097477141283,1.9425147663131205e-05,3.983793970572217e-05,2.8391281553943513e-05,0.06817130825999967,0.00689311100486429,0.00010098641828197576,0.001566172759600977,4.7550771147854344e-05,0.000525760247557397,0.00015654411680432364,0.02122675604184064,6.221794414135396e-05,0.00015645021666508692,5.9396521673966386e-05,2.4311410128891682e-05,0.0002532851274367134,1.512695213116651e-05,3.801267488042086e-05,4.06152970456377e-05,0.00012029652382730952,0.1866514946076232,4.27081417586095e-05,0.15102116509602237,1.910561319714369e-05,0.00011097829639185891,1.058787080347682e-05,1.2615524155925144e-05,3.070472181035514e-05,2.443543638603804,-1.8155399793832745,0.4188983169017083,-2.9302957290292952,-2.3346791552387294,-1.7000102955351142,2.443543638603804,0.1739963285043091,0.11985454577733295,0.06998338233742832,-1.985486640974281,0.0300371618941426,9.35012621994247e-06,0.0003193853335687,0.972134977579117,0.0013526160328183,0.0003678723587654,7,-1.37794707726714,-0.0163609314220123,3.12285167137542,-5.76523898006454,2.73875430679673,2.35162458711734,-3.57174452863143,-9.68377559566421,-3.63705957763167,0.703086991116675,-158.80263200972,0.0883152150336813,-232.531387917867,0.437339716130167,127.673018873982,-278.271155256716
PD1_51,3.759263753363439e-05,2.6747002321758494e-05,2.8312115482201712e-05,2.2845074754801395e-05,2.779031867480423e-05,7.948791324652066e-05,2.1766044035432027e-05,0.5077449756070556,3.0664265722605814e-05,2.8524406807861347e-05,4.272032801944977e-05,2.7886002659009078e-05,2.4186857886608386e-05,1.7534726306520367e-05,2.9929377848523978e-05,2.356011379634739e-05,2.2682488784553024e-05,3.192884279441426e-05,2.672179525439729e-05,4.2523873932092505e-05,0.03229283576048239,0.00011529313681158133,6.871600229947879e-05,2.493868961934608e-05,0.1678879702018063,2.1935968420655312e-05,3.3830876150217454e-05,2.8927211367709826e-05,0.15051265214149084,0.00023103829239779993,4.471197631123744e-05,0.00014664193251917137,3.84272141816958e-05,8.966607123862014e-05,7.653491015230314e-05,0.00021133385822304698,5.169867055266658e-05,0.00010281747477279279,3.925417967076731e-05,2.2490779866443365e-05,0.00013825035481848666,2.392442188294355e-05,4.5895742962697366e-05,2.858740561635903e-05,6.683853837924411e-05,0.05125314936966133,4.2893190440948226e-05,0.0878478395924664,4.962591627495017e-05,5.478800780133112e-05,1.4137529351201057e-05,2.872961402263571e-05,2.5245175069288706e-05,-0.7927442230610352,-0.623255492902979,0.34636872051960377,0.17399640628789292,0.10600716895393003,1.3920928957231598,-0.7927442230610352,-0.17979625712999173,0.13807282681527114,-0.09170529686810683,-0.024282733657789723,1.50571149788448e-05,0.0001807235385058,0.275569662451744,0.916149795055389,0.0005107147153466,0.141395267099142,6,-15.4088942121449,-3.09258459443573,-17.5032261224748,-1.46150715310433,11.0245724602389,-20.418032945742,5.80474378137606,-107.699793885849,-32.505102719818,4.5539265735375,11.193585343857,0.226966081291128,-72.4400634666738,-1.88175295503384,143.164541293712,-96.4426225212641
PD1_53,4.783984605077065e-05,3.7906894995899555e-05,2.5817561486294068e-05,2.1547239698193513e-05,2.5756591299352084e-05,8.7543933117919e-05,2.1233904680368716e-05,0.40291907251329506,2.84807116344424e-05,2.5891144230092083e-05,4.8169811531517326e-05,2.4963771806211763e-05,2.6165935791282383e-05,1.909075645063399e-05,3.281117117418832e-05,2.6948540113746e-05,2.0588639441756405e-05,3.229865300169892e-05,2.813796884555628e-05,6.376038506829677e-05,0.00031305632912986933,0.00010107280232869783,9.911372459724796e-05,2.159940522934865e-05,0.005132750522862844,3.1059379402192804e-05,2.9985722269145376e-05,2.7950985221984e-05,0.17512763142103077,7.819678351064288e-05,4.1727084951801746e-05,8.687233425674117e-05,3.489665295150404e-05,6.033461874919708e-05,5.31797012643058e-05,0.2559528829463949,0.00013996602748054778,6.661578317264696e-05,5.223967063409835e-05,2.0406967511248527e-05,9.956102402785935e-05,2.1476414157665027e-05,6.944617758765335e-05,3.526973545829339e-05,8.34229505952974e-05,0.09463769671152844,5.785854737023819e-05,0.06379366904349612,2.86884325612938e-05,6.962510920391712e-05,1.7625433010319967e-05,2.5945314766139263e-05,2.4150269573615635e-05,0.5240013766811829,0.7385635246051081,0.7807353849136314,1.7261342474243526,0.5034519292463601,0.5240013766811829,-0.7690551726846272,-0.12557263725946358,0.035511717936513365,-0.025948497990614067,0.8141061445404324,4.0811464714352e-05,0.151104934513569,0.0801665615290403,0.425079375505447,0.0003500930179143,0.0132565344683826,7,-20.2375074605347,-3.99297215419509,-17.7539739910575,8.6179708620545,1.96662620280428,-22.4336269761735,14.1326467822004,5.58009126229407,-25.9891221018647,8.38847754921994,16.825405850625,-1.07831867697334,-118.233483898423,-18.9516676192423,414.46598512846,241.306530759194
PD1_38,4.790783168179274e-05,3.989658463144354e-05,2.3218061974055902e-05,2.0618390274761386e-05,2.1957168964674788e-05,7.979528585952174e-05,2.11593842979006e-05,0.681533883830566,2.46828035665208e-05,2.4699652009971514e-05,3.5785206560535126e-05,2.0781376894375613e-05,2.07724840198303e-05,1.535361271296507e-05,4.25241639046645e-05,2.865232612868559e-05,2.172709532501962e-05,3.522591182912348e-05,2.151716103657572e-05,9.207793631110186e-05,0.0001062669860496699,4.86268854965541e-05,5.781308474650752e-05,1.8641797992013187e-05,0.0851322813933854,3.963090649096307e-05,3.482382224056338e-05,2.281823655238033e-05,0.0961390792890586,0.0019182753405800105,4.142365253622628e-05,0.00012583057898925593,2.8701425804508862e-05,8.048331048694302e-05,5.9712156370605965e-05,9.522217152416925e-05,4.176796066998844e-05,5.1853000763286406e-05,5.579401731829886e-05,1.9655704732140212e-05,0.00018824806595486195,5.616110941002911e-05,9.516789857726807e-05,2.529507422703684e-05,4.7446703010225737e-05,0.11809699031061513,6.54607038330974e-05,0.014863769818937986,2.9152713047866318e-05,0.0001272279830302599,1.704583713949288e-05,7.282756065405137e-05,2.4268231224673196e-05,1.1796092178665312,-0.9435172668847036,0.1431853572929609,-1.1047223904029035,-2.01613999651738,0.8837148129843334,1.1796092178665312,0.049060478318286076,0.07495580001054085,0.0429248006542984,-1.3961326505243474,0.0698277205228806,3.61048023478361e-05,0.0712474882602692,0.769091695547104,0.0001857874376582,0.0840035267174244,7,-4.2110014737245,0.663906693597493,-4.24116797031688,-2.74765117527034,12.7550683237055,-5.82862476765098,2.69268906027182,-24.3200960178777,-3.33117331075548,8.38979385450871,-55.5404510741461,5.99753414883115,-160.13594154128,5.50357595278299,57.0515596444606,-167.301979652864
PD1_47,0.00011049144813854186,2.8765518375137736e-05,1.8789458382493996e-05,1.6061413355569778e-05,2.060395439721907e-05,6.174281472734534e-05,1.7568401623470817e-05,0.581758506027537,2.671970963252765e-05,2.0844979737518808e-05,3.804304695894151e-05,1.8593992606988425e-05,1.7097084873668554e-05,1.4772982426859487e-05,3.281551758313096e-05,2.2803038630188212e-05,1.603353518624209e-05,2.2795334569434817e-05,2.1013605197135282e-05,2.628369919750797e-05,5.2740095614530446e-05,7.466702404475385e-05,4.596800132655331e-05,1.7122185514489065e-05,0.0004374998551962467,0.0003411449467365795,2.1776436850170214e-05,2.3094609601687498e-05,0.11761385506425208,9.247243409636109e-05,3.839675857204854e-05,0.00016162603140143966,3.353877520415761e-05,7.501332411679011e-05,5.756526595272287e-05,0.07038970564352777,3.5559941081652686e-05,8.398175992884336e-05,4.690500060358665e-05,1.5750942945643967e-05,0.02729598958226377,3.077596832963004e-05,0.00031412007412859484,2.5033296546414577e-05,7.11708754564763e-05,0.024391471866439054,0.00022428427396420416,0.14223334992311457,2.141510231238985e-05,7.626287522390943e-05,2.713346938655104e-05,0.03330191705563336,1.8345977495885594e-05,1.6629457557275298,2.877065819419606,0.5789915481436859,2.4387471177972446,3.022528484349019,1.6629457557275298,-2.818432041897607,-0.24233835385327876,-0.07333532675996848,-0.10627888359029283,2.931355961764438,6.2514156979887e-06,0.232401952147484,0.961955964565277,0.0014446917921304,0.0009433909726794,0.0079687430988997,6,18.2028828571002,-18.8506068156189,0.792872134574662,-1.73670565449593,19.1748652859142,-7.29637349320214,29.6032553334464,10.9826977419395,-32.293586171004,-8.06109671888408,-8.4134791188268,-2.51537105109785,-29.00451682162,-26.9905813208142,150.02078642328,93.6150426106914
